DEST_AIRPORT_ID,DEST_AIRPORT_SEQ_ID,DEST_CITY_MARKET_ID,DEST,AIRPORT_NAME,DEST_CITY_NAME,DEST_STATE_ABR,DEST_STATE_FIPS,DEST_STATE_NM,DEST_WAC,
10135,1013503,30135,ABE,"Allentown/Bethlehem/Easton, PA: Lehigh Valley International","Allentown/Bethlehem/Easton, PA",PA,42,Pennsylvania,23,
10140,1014003,30140,ABQ,"Albuquerque, NM: Albuquerque International Sunport","Albuquerque, NM",NM,35,New Mexico,86,
10141,1014104,30141,ABR,"Aberdeen, SD: Aberdeen Regional","Aberdeen, SD",SD,46,South Dakota,67,
10146,1014602,30146,ABY,"Albany, GA: Southwest Georgia Regional","Albany, GA",GA,13,Georgia,34,
10155,1015502,30155,ACT,"Waco, TX: Waco Regional","Waco, TX",TX,48,Texas,74,
10157,1015703,30157,ACV,"Arcata/Eureka, CA: California Redwood Coast Humboldt County","Arcata/Eureka, CA",CA,06,California,91,
10158,1015804,30158,ACY,"Atlantic City, NJ: Atlantic City International","Atlantic City, NJ",NJ,34,New Jersey,21,
10165,1016504,30165,ADK,"Adak Island, AK: Adak","Adak Island, AK",AK,02,Alaska,1,
10170,1017001,30070,ADQ,"Kodiak, AK: Kodiak Airport","Kodiak, AK",AK,02,Alaska,1,
10185,1018502,30185,AEX,"Alexandria, LA: Alexandria International","Alexandria, LA",LA,22,Louisiana,72,
10208,1020803,30208,AGS,"Augusta, GA: Augusta Regional at Bush Field","Augusta, GA",GA,13,Georgia,34,
10257,1025702,30257,ALB,"Albany, NY: Albany International","Albany, NY",NY,36,New York,22,
10268,1026802,30268,ALO,"Waterloo, IA: Waterloo Regional","Waterloo, IA",IA,19,Iowa,61,
10279,1027903,30279,AMA,"Amarillo, TX: Rick Husband Amarillo International","Amarillo, TX",TX,48,Texas,74,
10299,1029904,30299,ANC,"Anchorage, AK: Ted Stevens Anchorage International","Anchorage, AK",AK,02,Alaska,1,
10333,1033302,30333,APN,"Alpena, MI: Alpena County Regional","Alpena, MI",MI,26,Michigan,43,
10372,1037203,30372,ASE,"Aspen, CO: Aspen Pitkin County Sardy Field","Aspen, CO",CO,08,Colorado,82,
10397,1039705,30397,ATL,"Atlanta, GA: Hartsfield-Jackson Atlanta International","Atlanta, GA",GA,13,Georgia,34,
10408,1040803,30408,ATW,"Appleton, WI: Appleton International","Appleton, WI",WI,55,Wisconsin,45,
10423,1042302,30423,AUS,"Austin, TX: Austin - Bergstrom International","Austin, TX",TX,48,Texas,74,
10431,1043103,30431,AVL,"Asheville, NC: Asheville Regional","Asheville, NC",NC,37,North Carolina,36,
10434,1043403,30434,AVP,"Scranton/Wilkes-Barre, PA: Wilkes Barre Scranton International","Scranton/Wilkes-Barre, PA",PA,42,Pennsylvania,23,
10469,1046902,30469,AZO,"Kalamazoo, MI: Kalamazoo/Battle Creek International","Kalamazoo, MI",MI,26,Michigan,43,
10529,1052904,30529,BDL,"Hartford, CT: Bradley International","Hartford, CT",CT,09,Connecticut,11,
10551,1055102,30113,BET,"Bethel, AK: Bethel Airport","Bethel, AK",AK,02,Alaska,1,
10561,1056103,30561,BFL,"Bakersfield, CA: Meadows Field","Bakersfield, CA",CA,06,California,91,
10577,1057703,30577,BGM,"Binghamton, NY: Greater Binghamton/Edwin A. Link Field","Binghamton, NY",NY,36,New York,22,
10590,1059004,30590,IFP,"Bullhead City, AZ: Laughlin/Bullhead International","Bullhead City, AZ",AZ,04,Arizona,81,
10599,1059904,30599,BHM,"Birmingham, AL: Birmingham-Shuttlesworth International","Birmingham, AL",AL,01,Alabama,51,
10620,1062002,30620,BIL,"Billings, MT: Billings Logan International","Billings, MT",MT,30,Montana,84,
10627,1062702,30627,BIS,"Bismarck/Mandan, ND: Bismarck Municipal","Bismarck/Mandan, ND",ND,38,North Dakota,66,
10631,1063104,30631,BJI,"Bemidji, MN: Bemidji Regional","Bemidji, MN",MN,27,Minnesota,63,
10666,1066602,30666,BLI,"Bellingham, WA: Bellingham International","Bellingham, WA",WA,53,Washington,93,
10685,1068502,30685,BMI,"Bloomington/Normal, IL: Central Illinois Regional","Bloomington/Normal, IL",IL,17,Illinois,41,
10693,1069302,30693,BNA,"Nashville, TN: Nashville International","Nashville, TN",TN,47,Tennessee,54,
10713,1071302,30713,BOI,"Boise, ID: Boise Air Terminal","Boise, ID",ID,16,Idaho,83,
10721,1072102,30721,BOS,"Boston, MA: Logan International","Boston, MA",MA,25,Massachusetts,13,
10731,1073103,30731,BQK,"Brunswick, GA: Brunswick Golden Isles","Brunswick, GA",GA,13,Georgia,34,
10732,1073203,30732,BQN,"Aguadilla, PR: Rafael Hernandez","Aguadilla, PR",PR,72,Puerto Rico,3,
10739,1073905,30739,BRD,"Brainerd, MN: Brainerd Lakes Regional","Brainerd, MN",MN,27,Minnesota,63,
10747,1074702,30747,BRO,"Brownsville, TX: Brownsville South Padre Island International","Brownsville, TX",TX,48,Texas,74,
10754,1075403,30107,BRW,"Barrow, AK: Wiley Post/Will Rogers Memorial","Barrow, AK",AK,02,Alaska,1,
10779,1077902,30779,BTM,"Butte, MT: Bert Mooney","Butte, MT",MT,30,Montana,84,
10781,1078103,30781,BTR,"Baton Rouge, LA: Baton Rouge Metropolitan/Ryan Field","Baton Rouge, LA",LA,22,Louisiana,72,
10785,1078502,30785,BTV,"Burlington, VT: Burlington International","Burlington, VT",VT,50,Vermont,16,
10792,1079204,30792,BUF,"Buffalo, NY: Buffalo Niagara International","Buffalo, NY",NY,36,New York,22,
10800,1080003,32575,BUR,"Burbank, CA: Bob Hope","Burbank, CA",CA,06,California,91,
10821,1082104,30852,BWI,"Baltimore, MD: Baltimore/Washington International Thurgood Marshall","Baltimore, MD",MD,24,Maryland,35,
10849,1084903,30849,BZN,"Bozeman, MT: Bozeman Yellowstone International","Bozeman, MT",MT,30,Montana,84,
10868,1086803,30868,CAE,"Columbia, SC: Columbia Metropolitan","Columbia, SC",SC,45,South Carolina,37,
10874,1087402,30647,CAK,"Akron, OH: Akron-Canton Regional","Akron, OH",OH,39,Ohio,44,
10918,1091802,30918,CDC,"Cedar City, UT: Cedar City Regional","Cedar City, UT",UT,49,Utah,87,
10926,1092603,30913,CDV,"Cordova, AK: Merle K Mudhole Smith","Cordova, AK",AK,02,Alaska,1,
10980,1098002,30980,CHA,"Chattanooga, TN: Lovell Field","Chattanooga, TN",TN,47,Tennessee,54,
10990,1099003,30990,CHO,"Charlottesville, VA: Charlottesville Albemarle","Charlottesville, VA",VA,51,Virginia,38,
10994,1099402,30994,CHS,"Charleston, SC: Charleston AFB/International","Charleston, SC",SC,45,South Carolina,37,
11003,1100303,31003,CID,"Cedar Rapids/Iowa City, IA: The Eastern Iowa","Cedar Rapids/Iowa City, IA",IA,19,Iowa,61,
11013,1101303,31013,CIU,"Sault Ste. Marie, MI: Chippewa County International","Sault Ste. Marie, MI",MI,26,Michigan,43,
11042,1104203,30647,CLE,"Cleveland, OH: Cleveland-Hopkins International","Cleveland, OH",OH,39,Ohio,44,
11049,1104902,31049,CLL,"College Station/Bryan, TX: Easterwood Field","College Station/Bryan, TX",TX,48,Texas,74,
11057,1105703,31057,CLT,"Charlotte, NC: Charlotte Douglas International","Charlotte, NC",NC,37,North Carolina,36,
11066,1106603,31066,CMH,"Columbus, OH: John Glenn Columbus International","Columbus, OH",OH,39,Ohio,44,
11076,1107602,31076,CMX,"Hancock/Houghton, MI: Houghton County Memorial","Hancock/Houghton, MI",MI,26,Michigan,43,
11097,1109702,31097,COD,"Cody, WY: Yellowstone Regional","Cody, WY",WY,56,Wyoming,88,
11109,1110902,30189,COS,"Colorado Springs, CO: City of Colorado Springs Municipal","Colorado Springs, CO",CO,08,Colorado,82,
11111,1111102,32474,COU,"Columbia, MO: Columbia Regional","Columbia, MO",MO,29,Missouri,64,
11122,1112203,31122,CPR,"Casper, WY: Casper/Natrona County International","Casper, WY",WY,56,Wyoming,88,
11140,1114006,31140,CRP,"Corpus Christi, TX: Corpus Christi International","Corpus Christi, TX",TX,48,Texas,74,
11146,1114604,31146,CRW,"Charleston/Dunbar, WV: Yeager","Charleston/Dunbar, WV",WV,54,West Virginia,39,
11150,1115003,31150,CSG,"Columbus, GA: Columbus Airport","Columbus, GA",GA,13,Georgia,34,
11193,1119302,33105,CVG,"Cincinnati, OH: Cincinnati/Northern Kentucky International","Cincinnati, OH",KY,21,Kentucky,52,
11203,1120302,30424,CWA,"Mosinee, WI: Central Wisconsin","Mosinee, WI",WI,55,Wisconsin,45,
11252,1125203,31252,DAB,"Daytona Beach, FL: Daytona Beach International","Daytona Beach, FL",FL,12,Florida,33,
11259,1125903,30194,DAL,"Dallas, TX: Dallas Love Field","Dallas, TX",TX,48,Texas,74,
11267,1126702,31267,DAY,"Dayton, OH: James M Cox/Dayton International","Dayton, OH",OH,39,Ohio,44,
11278,1127803,30852,DCA,"Washington, DC: Ronald Reagan Washington National","Washington, DC",VA,51,Virginia,38,
11292,1129202,30325,DEN,"Denver, CO: Denver International","Denver, CO",CO,08,Colorado,82,
11298,1129804,30194,DFW,"Dallas/Fort Worth, TX: Dallas/Fort Worth International","Dallas/Fort Worth, TX",TX,48,Texas,74,
11308,1130802,31308,DHN,"Dothan, AL: Dothan Regional","Dothan, AL",AL,01,Alabama,51,
11337,1133703,31337,DLH,"Duluth, MN: Duluth International","Duluth, MN",MN,27,Minnesota,63,
11413,1141304,30285,DRO,"Durango, CO: Durango La Plata County","Durango, CO",CO,08,Colorado,82,
11423,1142304,31423,DSM,"Des Moines, IA: Des Moines International","Des Moines, IA",IA,19,Iowa,61,
11433,1143302,31295,DTW,"Detroit, MI: Detroit Metro Wayne County","Detroit, MI",MI,26,Michigan,43,
11447,1144703,31447,DVL,"Devils Lake, ND: Devils Lake Regional","Devils Lake, ND",ND,38,North Dakota,66,
11471,1147103,31471,EAU,"Eau Claire, WI: Chippewa Valley Regional","Eau Claire, WI",WI,55,Wisconsin,45,
11481,1148102,31481,ECP,"Panama City, FL: Northwest Florida Beaches International","Panama City, FL",FL,12,Florida,33,
11503,1150303,31503,EGE,"Eagle, CO: Eagle County Regional","Eagle, CO",CO,08,Colorado,82,
11525,1152503,31525,EKO,"Elko, NV: Elko Regional","Elko, NV",NV,32,Nevada,85,
11537,1153703,31537,ELM,"Elmira/Corning, NY: Elmira/Corning Regional","Elmira/Corning, NY",NY,36,New York,22,
11540,1154003,30615,ELP,"El Paso, TX: El Paso International","El Paso, TX",TX,48,Texas,74,
11577,1157704,31577,ERI,"Erie, PA: Erie International/Tom Ridge Field","Erie, PA",PA,42,Pennsylvania,23,
11587,1158702,31587,ESC,"Escanaba, MI: Delta County","Escanaba, MI",MI,26,Michigan,43,
11603,1160302,31603,EUG,"Eugene, OR: Mahlon Sweet Field","Eugene, OR",OR,41,Oregon,92,
11612,1161204,31612,EVV,"Evansville, IN: Evansville Regional","Evansville, IN",IN,18,Indiana,42,
11617,1161706,31617,EWN,"New Bern/Morehead/Beaufort, NC: Coastal Carolina Regional","New Bern/Morehead/Beaufort, NC",NC,37,North Carolina,36,
11618,1161802,31703,EWR,"Newark, NJ: Newark Liberty International","Newark, NJ",NJ,34,New Jersey,21,
11624,1162402,31624,EYW,"Key West, FL: Key West International","Key West, FL",FL,12,Florida,33,
11630,1163002,31517,FAI,"Fairbanks, AK: Fairbanks International","Fairbanks, AK",AK,02,Alaska,1,
11637,1163703,31637,FAR,"Fargo, ND: Hector International","Fargo, ND",ND,38,North Dakota,66,
11638,1163805,31638,FAT,"Fresno, CA: Fresno Yosemite International","Fresno, CA",CA,06,California,91,
11641,1164102,31641,FAY,"Fayetteville, NC: Fayetteville Regional/Grannis Field","Fayetteville, NC",NC,37,North Carolina,36,
11648,1164802,31648,FCA,"Kalispell, MT: Glacier Park International","Kalispell, MT",MT,30,Montana,84,
11695,1169502,31695,FLG,"Flagstaff, AZ: Flagstaff Pulliam","Flagstaff, AZ",AZ,04,Arizona,81,
11697,1169704,32467,FLL,"Fort Lauderdale, FL: Fort Lauderdale-Hollywood International","Fort Lauderdale, FL",FL,12,Florida,33,
11721,1172103,31721,FNT,"Flint, MI: Bishop International","Flint, MI",MI,26,Michigan,43,
11775,1177502,31775,FSD,"Sioux Falls, SD: Joe Foss Field","Sioux Falls, SD",SD,46,South Dakota,67,
11778,1177801,31778,FSM,"Fort Smith, AR: Fort Smith Regional","Fort Smith, AR",AR,05,Arkansas,71,
11823,1182304,31823,FWA,"Fort Wayne, IN: Fort Wayne International","Fort Wayne, IN",IN,18,Indiana,42,
11865,1186502,31865,GCC,"Gillette, WY: Gillette Campbell County","Gillette, WY",WY,56,Wyoming,88,
11867,1186703,31867,GCK,"Garden City, KS: Garden City Regional","Garden City, KS",KS,20,Kansas,62,
11884,1188402,31884,GEG,"Spokane, WA: Spokane International","Spokane, WA",WA,53,Washington,93,
11898,1189802,31898,GFK,"Grand Forks, ND: Grand Forks International","Grand Forks, ND",ND,38,North Dakota,66,
11921,1192102,31921,GJT,"Grand Junction, CO: Grand Junction Regional","Grand Junction, CO",CO,08,Colorado,82,
11953,1195302,31953,GNV,"Gainesville, FL: Gainesville Regional","Gainesville, FL",FL,12,Florida,33,
11973,1197302,31973,GPT,"Gulfport/Biloxi, MS: Gulfport-Biloxi International","Gulfport/Biloxi, MS",MS,28,Mississippi,53,
11977,1197703,31977,GRB,"Green Bay, WI: Green Bay Austin Straubel International","Green Bay, WI",WI,55,Wisconsin,45,
11982,1198202,31982,GRK,"Killeen, TX: Robert Gray AAF","Killeen, TX",TX,48,Texas,74,
11986,1198603,31986,GRR,"Grand Rapids, MI: Gerald R. Ford International","Grand Rapids, MI",MI,26,Michigan,43,
11995,1199502,31995,GSO,"Greensboro/High Point, NC: Piedmont Triad International","Greensboro/High Point, NC",NC,37,North Carolina,36,
11996,1199603,31871,GSP,"Greer, SC: Greenville-Spartanburg International","Greer, SC",SC,45,South Carolina,37,
12003,1200302,31895,GTF,"Great Falls, MT: Great Falls International","Great Falls, MT",MT,30,Montana,84,
12007,1200702,30894,GTR,"Columbus, MS: Golden Triangle Regional","Columbus, MS",MS,28,Mississippi,53,
12012,1201203,32012,GUC,"Gunnison, CO: Gunnison-Crested Butte Regional","Gunnison, CO",CO,08,Colorado,82,
12016,1201602,32016,GUM,"Guam, TT: Guam International","Guam, TT",TT,75,U.S. Pacific Trust Territories and Possessions,5,
12094,1209402,34699,HDN,"Hayden, CO: Yampa Valley","Hayden, CO",CO,08,Colorado,82,
12129,1212903,32129,HIB,"Hibbing, MN: Range Regional","Hibbing, MN",MN,27,Minnesota,63,
12156,1215603,32156,HLN,"Helena, MT: Helena Regional","Helena, MT",MT,30,Montana,84,
12173,1217302,32134,HNL,"Honolulu, HI: Daniel K Inouye International","Honolulu, HI",HI,15,Hawaii,2,
12177,1217703,32177,HOB,"Hobbs, NM: Lea County Regional","Hobbs, NM",NM,35,New Mexico,86,
12191,1219102,31453,HOU,"Houston, TX: William P Hobby","Houston, TX",TX,48,Texas,74,
12197,1219702,31703,HPN,"White Plains, NY: Westchester County","White Plains, NY",NY,36,New York,22,
12206,1220603,32206,HRL,"Harlingen/San Benito, TX: Valley International","Harlingen/San Benito, TX",TX,48,Texas,74,
12217,1221702,30255,HSV,"Huntsville, AL: Huntsville International-Carl T Jones Field","Huntsville, AL",AL,01,Alabama,51,
12255,1225502,32255,HYS,"Hays, KS: Hays Regional","Hays, KS",KS,20,Kansas,62,
12264,1226402,30852,IAD,"Washington, DC: Washington Dulles International","Washington, DC",VA,51,Virginia,38,
12265,1226503,32265,IAG,"Niagara Falls, NY: Niagara Falls International","Niagara Falls, NY",NY,36,New York,22,
12266,1226603,31453,IAH,"Houston, TX: George Bush Intercontinental/Houston","Houston, TX",TX,48,Texas,74,
12278,1227803,30928,ICT,"Wichita, KS: Wichita Dwight D Eisenhower National","Wichita, KS",KS,20,Kansas,62,
12280,1228002,32280,IDA,"Idaho Falls, ID: Idaho Falls Regional","Idaho Falls, ID",ID,16,Idaho,83,
12323,1232303,32323,ILM,"Wilmington, NC: Wilmington International","Wilmington, NC",NC,37,North Carolina,36,
12335,1233502,32335,IMT,"Iron Mountain/Kingsfd, MI: Ford","Iron Mountain/Kingsfd, MI",MI,26,Michigan,43,
12339,1233904,32337,IND,"Indianapolis, IN: Indianapolis International","Indianapolis, IN",IN,18,Indiana,42,
12343,1234303,32343,INL,"International Falls, MN: Falls International Einarson Field","International Falls, MN",MN,27,Minnesota,63,
12389,1238902,32389,ISN,"Williston, ND: Sloulin Field International","Williston, ND",ND,38,North Dakota,66,
12391,1239102,31703,ISP,"Islip, NY: Long Island MacArthur","Islip, NY",NY,36,New York,22,
12397,1239702,32397,ITH,"Ithaca/Cortland, NY: Ithaca Tompkins Regional","Ithaca/Cortland, NY",NY,36,New York,22,
12402,1240203,32402,ITO,"Hilo, HI: Hilo International","Hilo, HI",HI,15,Hawaii,2,
12441,1244102,32441,JAC,"Jackson, WY: Jackson Hole","Jackson, WY",WY,56,Wyoming,88,
12448,1244805,32448,JAN,"Jackson/Vicksburg, MS: Jackson Medgar Wiley Evers International","Jackson/Vicksburg, MS",MS,28,Mississippi,53,
12451,1245102,31136,JAX,"Jacksonville, FL: Jacksonville International","Jacksonville, FL",FL,12,Florida,33,
12478,1247803,31703,JFK,"New York, NY: John F. Kennedy International","New York, NY",NY,36,New York,22,
12519,1251902,32519,JMS,"Jamestown, ND: Jamestown Regional","Jamestown, ND",ND,38,North Dakota,66,
12523,1252304,32523,JNU,"Juneau, AK: Juneau International","Juneau, AK",AK,02,Alaska,1,
12758,1275803,32758,KOA,"Kona, HI: Ellison Onizuka Kona International at Keahole","Kona, HI",HI,15,Hawaii,2,
12819,1281902,31401,KTN,"Ketchikan, AK: Ketchikan International","Ketchikan, AK",AK,02,Alaska,1,
12884,1288403,32884,LAN,"Lansing, MI: Capital Region International","Lansing, MI",MI,26,Michigan,43,
12888,1288802,32888,LAR,"Laramie, WY: Laramie Regional","Laramie, WY",WY,56,Wyoming,88,
12889,1288903,32211,LAS,"Las Vegas, NV: McCarran International","Las Vegas, NV",NV,32,Nevada,85,
12891,1289102,32891,LAW,"Lawton/Fort Sill, OK: Lawton-Fort Sill Regional","Lawton/Fort Sill, OK",OK,40,Oklahoma,73,
12892,1289205,32575,LAX,"Los Angeles, CA: Los Angeles International","Los Angeles, CA",CA,06,California,91,
12896,1289605,32896,LBB,"Lubbock, TX: Lubbock Preston Smith International","Lubbock, TX",TX,48,Texas,74,
12898,1289804,32898,LBE,"Latrobe, PA: Arnold Palmer Regional","Latrobe, PA",PA,42,Pennsylvania,23,
12915,1291503,31205,LCH,"Lake Charles, LA: Lake Charles Regional","Lake Charles, LA",LA,22,Louisiana,72,
12945,1294503,32945,LEX,"Lexington, KY: Blue Grass","Lexington, KY",KY,21,Kentucky,52,
12951,1295104,32951,LFT,"Lafayette, LA: Lafayette Regional Paul Fournet Field","Lafayette, LA",LA,22,Louisiana,72,
12953,1295302,31703,LGA,"New York, NY: LaGuardia","New York, NY",NY,36,New York,22,
12954,1295403,32575,LGB,"Long Beach, CA: Long Beach Airport","Long Beach, CA",CA,06,California,91,
12982,1298202,32982,LIH,"Lihue, HI: Lihue Airport","Lihue, HI",HI,15,Hawaii,2,
12992,1299204,32600,LIT,"Little Rock, AR: Bill and Hillary Clinton Nat Adams Field","Little Rock, AR",AR,05,Arkansas,71,
13029,1302902,33029,LNK,"Lincoln, NE: Lincoln Airport","Lincoln, NE",NE,31,Nebraska,65,
13061,1306104,33038,LRD,"Laredo, TX: Laredo International","Laredo, TX",TX,48,Texas,74,
13076,1307603,33076,LSE,"La Crosse, WI: La Crosse Regional","La Crosse, WI",WI,55,Wisconsin,45,
13127,1312702,33127,LWS,"Lewiston, ID: Lewiston Nez Perce County","Lewiston, ID",ID,16,Idaho,83,
13158,1315803,33158,MAF,"Midland/Odessa, TX: Midland International Air and Space Port","Midland/Odessa, TX",TX,48,Texas,74,
13184,1318403,33184,MBS,"Saginaw/Bay City/Midland, MI: MBS International","Saginaw/Bay City/Midland, MI",MI,26,Michigan,43,
13198,1319801,33198,MCI,"Kansas City, MO: Kansas City International","Kansas City, MO",MO,29,Missouri,64,
13204,1320402,31454,MCO,"Orlando, FL: Orlando International","Orlando, FL",FL,12,Florida,33,
13230,1323002,32070,MDT,"Harrisburg, PA: Harrisburg International","Harrisburg, PA",PA,42,Pennsylvania,23,
13232,1323202,30977,MDW,"Chicago, IL: Chicago Midway International","Chicago, IL",IL,17,Illinois,41,
13241,1324102,33241,MEI,"Meridian, MS: Key Field","Meridian, MS",MS,28,Mississippi,53,
13244,1324402,33244,MEM,"Memphis, TN: Memphis International","Memphis, TN",TN,47,Tennessee,54,
13256,1325602,33256,MFE,"Mission/McAllen/Edinburg, TX: McAllen Miller International","Mission/McAllen/Edinburg, TX",TX,48,Texas,74,
13264,1326403,33264,MFR,"Medford, OR: Rogue Valley International - Medford","Medford, OR",OR,41,Oregon,92,
13277,1327702,33277,MGM,"Montgomery, AL: Montgomery Regional","Montgomery, AL",AL,01,Alabama,51,
13290,1329002,33290,MHK,"Manhattan/Ft. Riley, KS: Manhattan Regional","Manhattan/Ft. Riley, KS",KS,20,Kansas,62,
13296,1329604,30721,MHT,"Manchester, NH: Manchester-Boston Regional","Manchester, NH",NH,33,New Hampshire,14,
13303,1330303,32467,MIA,"Miami, FL: Miami International","Miami, FL",FL,12,Florida,33,
13342,1334205,33342,MKE,"Milwaukee, WI: General Mitchell International","Milwaukee, WI",WI,55,Wisconsin,45,
13344,1334402,33344,MKG,"Muskegon, MI: Muskegon County","Muskegon, MI",MI,26,Michigan,43,
13360,1336003,33360,MLB,"Melbourne, FL: Melbourne International","Melbourne, FL",FL,12,Florida,33,
13367,1336703,33367,MLI,"Moline, IL: Quad City International","Moline, IL",IL,17,Illinois,41,
13377,1337702,33377,MLU,"Monroe, LA: Monroe Regional","Monroe, LA",LA,22,Louisiana,72,
13388,1338801,33388,MMH,"Mammoth Lakes, CA: Mammoth Lakes Airport","Mammoth Lakes, CA",CA,06,California,91,
13422,1342202,30562,MOB,"Mobile, AL: Mobile Regional","Mobile, AL",AL,01,Alabama,51,
13433,1343302,33304,MOT,"Minot, ND: Minot International","Minot, ND",ND,38,North Dakota,66,
13459,1345902,33459,MQT,"Marquette, MI: Sawyer International","Marquette, MI",MI,26,Michigan,43,
13476,1347603,34922,MRY,"Monterey, CA: Monterey Regional","Monterey, CA",CA,06,California,91,
13485,1348502,33485,MSN,"Madison, WI: Dane County Regional-Truax Field","Madison, WI",WI,55,Wisconsin,45,
13486,1348602,33486,MSO,"Missoula, MT: Missoula International","Missoula, MT",MT,30,Montana,84,
13487,1348702,31650,MSP,"Minneapolis, MN: Minneapolis-St Paul International","Minneapolis, MN",MN,27,Minnesota,63,
13495,1349503,33495,MSY,"New Orleans, LA: Louis Armstrong New Orleans International","New Orleans, LA",LA,22,Louisiana,72,
13502,1350202,33502,MTJ,"Montrose/Delta, CO: Montrose Regional","Montrose/Delta, CO",CO,08,Colorado,82,
13577,1357702,31135,MYR,"Myrtle Beach, SC: Myrtle Beach International","Myrtle Beach, SC",SC,45,South Carolina,37,
13795,1379502,33795,OAJ,"Jacksonville/Camp Lejeune, NC: Albert J Ellis","Jacksonville/Camp Lejeune, NC",NC,37,North Carolina,36,
13796,1379604,32457,OAK,"Oakland, CA: Metropolitan Oakland International","Oakland, CA",CA,06,California,91,
13830,1383002,33830,OGG,"Kahului, HI: Kahului Airport","Kahului, HI",HI,15,Hawaii,2,
13851,1385103,33851,OKC,"Oklahoma City, OK: Will Rogers World","Oklahoma City, OK",OK,40,Oklahoma,73,
13871,1387102,33316,OMA,"Omaha, NE: Eppley Airfield","Omaha, NE",NE,31,Nebraska,65,
13873,1387303,33873,OME,"Nome, AK: Nome Airport","Nome, AK",AK,02,Alaska,1,
13891,1389101,32575,ONT,"Ontario, CA: Ontario International","Ontario, CA",CA,06,California,91,
13930,1393004,30977,ORD,"Chicago, IL: Chicago O'Hare International","Chicago, IL",IL,17,Illinois,41,
13931,1393102,33667,ORF,"Norfolk, VA: Norfolk International","Norfolk, VA",VA,51,Virginia,38,
13933,1393303,33933,ORH,"Worcester, MA: Worcester Regional","Worcester, MA",MA,25,Massachusetts,13,
13964,1396403,33964,OTH,"North Bend/Coos Bay, OR: Southwest Oregon Regional","North Bend/Coos Bay, OR",OR,41,Oregon,92,
13970,1397003,33970,OTZ,"Kotzebue, AK: Ralph Wien Memorial","Kotzebue, AK",AK,02,Alaska,1,
14006,1400602,34006,PAH,"Paducah, KY: Barkley Regional","Paducah, KY",KY,21,Kentucky,52,
14025,1402501,34025,PBG,"Plattsburgh, NY: Plattsburgh International","Plattsburgh, NY",NY,36,New York,22,
14027,1402702,34027,PBI,"West Palm Beach/Palm Beach, FL: Palm Beach International","West Palm Beach/Palm Beach, FL",FL,12,Florida,33,
14057,1405702,34057,PDX,"Portland, OR: Portland International","Portland, OR",OR,41,Oregon,92,
14082,1408202,34082,PGD,"Punta Gorda, FL: Punta Gorda Airport","Punta Gorda, FL",FL,12,Florida,33,
14098,1409803,33667,PHF,"Newport News/Williamsburg, VA: Newport News/Williamsburg International","Newport News/Williamsburg, VA",VA,51,Virginia,38,
14100,1410002,34100,PHL,"Philadelphia, PA: Philadelphia International","Philadelphia, PA",PA,42,Pennsylvania,23,
14107,1410702,30466,PHX,"Phoenix, AZ: Phoenix Sky Harbor International","Phoenix, AZ",AZ,04,Arizona,81,
14108,1410803,34108,PIA,"Peoria, IL: General Downing - Peoria International","Peoria, IL",IL,17,Illinois,41,
14109,1410902,34109,PIB,"Hattiesburg/Laurel, MS: Hattiesburg-Laurel Regional","Hattiesburg/Laurel, MS",MS,28,Mississippi,53,
14113,1411302,34113,PIH,"Pocatello, ID: Pocatello Regional","Pocatello, ID",ID,16,Idaho,83,
14122,1412202,30198,PIT,"Pittsburgh, PA: Pittsburgh International","Pittsburgh, PA",PA,42,Pennsylvania,23,
14150,1415002,34150,PLN,"Pellston, MI: Pellston Regional Airport of Emmet County","Pellston, MI",MI,26,Michigan,43,
14193,1419304,33728,PNS,"Pensacola, FL: Pensacola International","Pensacola, FL",FL,12,Florida,33,
14222,1422204,34222,PPG,"Pago Pago, TT: Pago Pago International","Pago Pago, TT",TT,75,U.S. Pacific Trust Territories and Possessions,5,
14252,1425202,34252,PSC,"Pasco/Kennewick/Richland, WA: Tri Cities","Pasco/Kennewick/Richland, WA",WA,53,Washington,93,
14254,1425403,34254,PSE,"Ponce, PR: Mercedita","Ponce, PR",PR,72,Puerto Rico,3,
14256,1425603,34256,PSG,"Petersburg, AK: Petersburg James A Johnson","Petersburg, AK",AK,02,Alaska,1,
14262,1426204,34262,PSP,"Palm Springs, CA: Palm Springs International","Palm Springs, CA",CA,06,California,91,
14307,1430702,30721,PVD,"Providence, RI: Theodore Francis Green State","Providence, RI",RI,44,Rhode Island,15,
14321,1432103,34321,PWM,"Portland, ME: Portland International Jetport","Portland, ME",ME,23,Maine,12,
14457,1445702,34457,RAP,"Rapid City, SD: Rapid City Regional","Rapid City, SD",SD,46,South Dakota,67,
14487,1448702,33792,RDD,"Redding, CA: Redding Municipal","Redding, CA",CA,06,California,91,
14489,1448902,34489,RDM,"Bend/Redmond, OR: Roberts Field","Bend/Redmond, OR",OR,41,Oregon,92,
14492,1449202,34492,RDU,"Raleigh/Durham, NC: Raleigh-Durham International","Raleigh/Durham, NC",NC,37,North Carolina,36,
14520,1452002,34520,RHI,"Rhinelander, WI: Rhinelander/Oneida County","Rhinelander, WI",WI,55,Wisconsin,45,
14524,1452401,34524,RIC,"Richmond, VA: Richmond International","Richmond, VA",VA,51,Virginia,38,
14543,1454302,34543,RKS,"Rock Springs, WY: Rock Springs Sweetwater County","Rock Springs, WY",WY,56,Wyoming,88,
14570,1457002,34570,RNO,"Reno, NV: Reno/Tahoe International","Reno, NV",NV,32,Nevada,85,
14574,1457403,34574,ROA,"Roanoke, VA: Roanoke Blacksburg Regional Woodrum Field","Roanoke, VA",VA,51,Virginia,38,
14576,1457604,34576,ROC,"Rochester, NY: Greater Rochester International","Rochester, NY",NY,36,New York,22,
14588,1458801,34588,ROW,"Roswell, NM: Roswell International Air Center","Roswell, NM",NM,35,New Mexico,86,
14633,1463303,32547,RST,"Rochester, MN: Rochester International","Rochester, MN",MN,27,Minnesota,63,
14635,1463502,31714,RSW,"Fort Myers, FL: Southwest Florida International","Fort Myers, FL",FL,12,Florida,33,
14674,1467402,34674,SAF,"Santa Fe, NM: Santa Fe Municipal","Santa Fe, NM",NM,35,New Mexico,86,
14679,1467903,33570,SAN,"San Diego, CA: San Diego International","San Diego, CA",CA,06,California,91,
14683,1468303,33214,SAT,"San Antonio, TX: San Antonio International","San Antonio, TX",TX,48,Texas,74,
14685,1468502,34685,SAV,"Savannah, GA: Savannah/Hilton Head International","Savannah, GA",GA,13,Georgia,34,
14689,1468902,34689,SBA,"Santa Barbara, CA: Santa Barbara Municipal","Santa Barbara, CA",CA,06,California,91,
14696,1469606,34696,SBN,"South Bend, IN: South Bend International","South Bend, IN",IN,18,Indiana,42,
14698,1469802,34236,SBP,"San Luis Obispo, CA: San Luis County Regional","San Luis Obispo, CA",CA,06,California,91,
14709,1470903,30073,SCC,"Deadhorse, AK: Deadhorse Airport","Deadhorse, AK",AK,02,Alaska,1,
14711,1471102,34711,SCE,"State College, PA: University Park","State College, PA",PA,42,Pennsylvania,23,
14730,1473003,33044,SDF,"Louisville, KY: Louisville International-Standiford Field","Louisville, KY",KY,21,Kentucky,52,
14747,1474703,30559,SEA,"Seattle, WA: Seattle/Tacoma International","Seattle, WA",WA,53,Washington,93,
14771,1477102,32457,SFO,"San Francisco, CA: San Francisco International","San Francisco, CA",CA,06,California,91,
14783,1478302,34783,SGF,"Springfield, MO: Springfield-Branson National","Springfield, MO",MO,29,Missouri,64,
14794,1479403,34794,SGU,"St. George, UT: St George Regional","St. George, UT",UT,49,Utah,87,
14814,1481402,30476,SHV,"Shreveport, LA: Shreveport Regional","Shreveport, LA",LA,22,Louisiana,72,
14828,1482803,34828,SIT,"Sitka, AK: Sitka Rocky Gutierrez","Sitka, AK",AK,02,Alaska,1,
14831,1483104,32457,SJC,"San Jose, CA: Norman Y. Mineta San Jose International","San Jose, CA",CA,06,California,91,
14843,1484304,34819,SJU,"San Juan, PR: Luis Munoz Marin International","San Juan, PR",PR,72,Puerto Rico,3,
14869,1486903,34614,SLC,"Salt Lake City, UT: Salt Lake City International","Salt Lake City, UT",UT,49,Utah,87,
14893,1489302,33192,SMF,"Sacramento, CA: Sacramento International","Sacramento, CA",CA,06,California,91,
14908,1490803,32575,SNA,"Santa Ana, CA: John Wayne Airport-Orange County","Santa Ana, CA",CA,06,California,91,
14952,1495203,34952,SPI,"Springfield, IL: Abraham Lincoln Capital","Springfield, IL",IL,17,Illinois,41,
14960,1496002,34960,SPS,"Wichita Falls, TX: Sheppard AFB/Wichita Falls Municipal","Wichita Falls, TX",TX,48,Texas,74,
14986,1498603,34986,SRQ,"Sarasota/Bradenton, FL: Sarasota/Bradenton International","Sarasota/Bradenton, FL",FL,12,Florida,33,
15016,1501603,31123,STL,"St. Louis, MO: St Louis Lambert International","St. Louis, MO",MO,29,Missouri,64,
15023,1502303,34433,STS,"Santa Rosa, CA: Charles M. Schulz - Sonoma County","Santa Rosa, CA",CA,06,California,91,
15024,1502403,34945,STT,"Charlotte Amalie, VI: Cyril E King","Charlotte Amalie, VI",VI,78,U.S. Virgin Islands,4,
15027,1502704,34992,STX,"Christiansted, VI: Henry E. Rohlsen","Christiansted, VI",VI,78,U.S. Virgin Islands,4,
15041,1504102,35041,SUN,"Sun Valley/Hailey/Ketchum, ID: Friedman Memorial","Sun Valley/Hailey/Ketchum, ID",ID,16,Idaho,83,
15070,1507002,31703,SWF,"Newburgh/Poughkeepsie, NY: Stewart International","Newburgh/Poughkeepsie, NY",NY,36,New York,22,
15096,1509602,35096,SYR,"Syracuse, NY: Syracuse Hancock International","Syracuse, NY",NY,36,New York,22,
15249,1524904,35249,TLH,"Tallahassee, FL: Tallahassee International","Tallahassee, FL",FL,12,Florida,33,
15295,1529502,35165,TOL,"Toledo, OH: Toledo Express","Toledo, OH",OH,39,Ohio,44,
15304,1530402,33195,TPA,"Tampa, FL: Tampa International","Tampa, FL",FL,12,Florida,33,
15323,1532302,35323,TRI,"Bristol/Johnson City/Kingsport, TN: Tri Cities","Bristol/Johnson City/Kingsport, TN",TN,47,Tennessee,54,
15356,1535602,35356,TTN,"Trenton, NJ: Trenton Mercer","Trenton, NJ",NJ,34,New Jersey,21,
15370,1537002,34653,TUL,"Tulsa, OK: Tulsa International","Tulsa, OK",OK,40,Oklahoma,73,
15376,1537602,30436,TUS,"Tucson, AZ: Tucson International","Tucson, AZ",AZ,04,Arizona,81,
15380,1538003,35380,TVC,"Traverse City, MI: Cherry Capital","Traverse City, MI",MI,26,Michigan,43,
15389,1538902,35389,TWF,"Twin Falls, ID: Joslin Field - Magic Valley Regional","Twin Falls, ID",ID,16,Idaho,83,
15411,1541103,35411,TYR,"Tyler, TX: Tyler Pounds Regional","Tyler, TX",TX,48,Texas,74,
15412,1541203,35412,TYS,"Knoxville, TN: McGhee Tyson","Knoxville, TN",TN,47,Tennessee,54,
15497,1549703,35497,UST,"St. Augustine, FL: Northeast Florida Regional","St. Augustine, FL",FL,12,Florida,33,
15607,1560702,35550,VLD,"Valdosta, GA: Valdosta Regional","Valdosta, GA",GA,13,Georgia,34,
15624,1562402,31504,VPS,"Valparaiso, FL: Eglin AFB Destin Fort Walton Beach","Valparaiso, FL",FL,12,Florida,33,
15841,1584102,35841,WRG,"Wrangell, AK: Wrangell Airport","Wrangell, AK",AK,02,Alaska,1,
15919,1591902,31834,XNA,"Fayetteville, AR: Northwest Arkansas Regional","Fayetteville, AR",AR,05,Arkansas,71,
15991,1599102,35991,YAK,"Yakutat, AK: Yakutat Airport","Yakutat, AK",AK,02,Alaska,1,
16218,1621801,33785,YUM,"Yuma, AZ: Yuma MCAS/Yuma International","Yuma, AZ",AZ,04,Arizona,81,
10154,1015403,30154,ACK,"Nantucket, MA: Nantucket Memorial","Nantucket, MA",MA,25,Massachusetts,13,
10245,1024502,30245,AKN,"King Salmon, AK: King Salmon Airport","King Salmon, AK",AK,02,Alaska,1,
10581,1058102,30581,BGR,"Bangor, ME: Bangor International","Bangor, ME",ME,23,Maine,12,
10747,1074703,30747,BRO,"Brownsville, TX: Brownsville South Padre Island International","Brownsville, TX",TX,48,Texas,74,
11066,1106604,31066,CMH,"Columbus, OH: John Glenn Columbus International","Columbus, OH",OH,39,Ohio,44,
11336,1133602,31336,DLG,"Dillingham, AK: Dillingham Airport","Dillingham, AK",AK,02,Alaska,1,
11980,1198002,31980,GRI,"Grand Island, NE: Central Nebraska Regional","Grand Island, NE",NE,31,Nebraska,65,
11997,1199702,31997,GST,"Gustavus, AK: Gustavus Airport","Gustavus, AK",AK,02,Alaska,1,
12003,1200303,31895,GTF,"Great Falls, MT: Great Falls International","Great Falls, MT",MT,30,Montana,84,
12173,1217303,32134,HNL,"Honolulu, HI: Daniel K Inouye International","Honolulu, HI",HI,15,Hawaii,2,
12250,1225002,32250,HYA,"Hyannis, MA: Barnstable Municipal-Boardman/Polando Field","Hyannis, MA",MA,25,Massachusetts,13,
12511,1251102,32511,JLN,"Joplin, MO: Joplin Regional","Joplin, MO",MO,29,Missouri,64,
12892,1289206,32575,LAX,"Los Angeles, CA: Los Angeles International","Los Angeles, CA",CA,06,California,91,
12954,1295404,32575,LGB,"Long Beach, CA: Long Beach Airport","Long Beach, CA",CA,06,California,91,
13541,1354102,33541,MVY,"Martha's Vineyard, MA: Martha's Vineyard Airport","Martha's Vineyard, MA",MA,25,Massachusetts,13,
13796,1379605,32457,OAK,"Oakland, CA: Metropolitan Oakland International","Oakland, CA",CA,06,California,91,
14100,1410003,34100,PHL,"Philadelphia, PA: Philadelphia International","Philadelphia, PA",PA,42,Pennsylvania,23,
14307,1430703,30721,PVD,"Providence, RI: Theodore Francis Green State","Providence, RI",RI,44,Rhode Island,15,
14588,1458802,34588,ROW,"Roswell, NM: Roswell International Air Center","Roswell, NM",NM,35,New Mexico,86,
14711,1471103,34711,SCE,"State College, PA: University Park","State College, PA",PA,42,Pennsylvania,23,
14842,1484202,34842,SJT,"San Angelo, TX: San Angelo Regional/Mathis Field","San Angelo, TX",TX,48,Texas,74,
15016,1501604,31123,STL,"St. Louis, MO: St Louis Lambert International","St. Louis, MO",MO,29,Missouri,64,
15323,1532303,35323,TRI,"Bristol/Johnson City/Kingsport, TN: Tri Cities","Bristol/Johnson City/Kingsport, TN",TN,47,Tennessee,54,
15897,1589702,35897,WYS,"West Yellowstone, MT: Yellowstone","West Yellowstone, MT",MT,30,Montana,84,
10135,1013505,30135,ABE,"Allentown/Bethlehem/Easton, PA: Lehigh Valley International","Allentown/Bethlehem/Easton, PA",PA,42,Pennsylvania,23,
10140,1014005,30140,ABQ,"Albuquerque, NM: Albuquerque International Sunport","Albuquerque, NM",NM,35,New Mexico,86,
10141,1014106,30141,ABR,"Aberdeen, SD: Aberdeen Regional","Aberdeen, SD",SD,46,South Dakota,67,
10157,1015706,30157,ACV,"Arcata/Eureka, CA: California Redwood Coast Humboldt County","Arcata/Eureka, CA",CA,06,California,91,
10165,1016506,30165,ADK,"Adak Island, AK: Adak","Adak Island, AK",AK,02,Alaska,1,
10170,1017004,30070,ADQ,"Kodiak, AK: Kodiak Airport","Kodiak, AK",AK,02,Alaska,1,
10299,1029906,30299,ANC,"Anchorage, AK: Ted Stevens Anchorage International","Anchorage, AK",AK,02,Alaska,1,
10372,1037205,30372,ASE,"Aspen, CO: Aspen Pitkin County Sardy Field","Aspen, CO",CO,08,Colorado,82,
10397,1039707,30397,ATL,"Atlanta, GA: Hartsfield-Jackson Atlanta International","Atlanta, GA",GA,13,Georgia,34,
10408,1040805,30408,ATW,"Appleton, WI: Appleton International","Appleton, WI",WI,55,Wisconsin,45,
10431,1043105,30431,AVL,"Asheville, NC: Asheville Regional","Asheville, NC",NC,37,North Carolina,36,
10434,1043405,30434,AVP,"Scranton/Wilkes-Barre, PA: Wilkes Barre Scranton International","Scranton/Wilkes-Barre, PA",PA,42,Pennsylvania,23,
10529,1052906,30529,BDL,"Hartford, CT: Bradley International","Hartford, CT",CT,09,Connecticut,11,
10577,1057705,30577,BGM,"Binghamton, NY: Greater Binghamton/Edwin A. Link Field","Binghamton, NY",NY,36,New York,22,
10590,1059006,30590,IFP,"Bullhead City, AZ: Laughlin/Bullhead International","Bullhead City, AZ",AZ,04,Arizona,81,
10620,1062003,30620,BIL,"Billings, MT: Billings Logan International","Billings, MT",MT,30,Montana,84,
10739,1073907,30739,BRD,"Brainerd, MN: Brainerd Lakes Regional","Brainerd, MN",MN,27,Minnesota,63,
10747,1074705,30747,BRO,"Brownsville, TX: Brownsville South Padre Island International","Brownsville, TX",TX,48,Texas,74,
10754,1075405,30107,BRW,"Barrow, AK: Wiley Post/Will Rogers Memorial","Barrow, AK",AK,02,Alaska,1,
10781,1078105,30781,BTR,"Baton Rouge, LA: Baton Rouge Metropolitan/Ryan Field","Baton Rouge, LA",LA,22,Louisiana,72,
10792,1079206,30792,BUF,"Buffalo, NY: Buffalo Niagara International","Buffalo, NY",NY,36,New York,22,
10821,1082106,30852,BWI,"Baltimore, MD: Baltimore/Washington International Thurgood Marshall","Baltimore, MD",MD,24,Maryland,35,
10849,1084905,30849,BZN,"Bozeman, MT: Bozeman Yellowstone International","Bozeman, MT",MT,30,Montana,84,
10967,1096702,30967,CGI,"Cape Girardeau, MO: Cape Girardeau Regional","Cape Girardeau, MO",MO,29,Missouri,64,
10990,1099005,30990,CHO,"Charlottesville, VA: Charlottesville Albemarle","Charlottesville, VA",VA,51,Virginia,38,
11027,1102705,31027,CKB,"Clarksburg/Fairmont, WV: North Central West Virginia","Clarksburg/Fairmont, WV",WV,54,West Virginia,39,
11042,1104205,30647,CLE,"Cleveland, OH: Cleveland-Hopkins International","Cleveland, OH",OH,39,Ohio,44,
11066,1106606,31066,CMH,"Columbus, OH: John Glenn Columbus International","Columbus, OH",OH,39,Ohio,44,
11111,1111105,32474,COU,"Columbia, MO: Columbia Regional","Columbia, MO",MO,29,Missouri,64,
11122,1112205,31122,CPR,"Casper, WY: Casper/Natrona County International","Casper, WY",WY,56,Wyoming,88,
11140,1114008,31140,CRP,"Corpus Christi, TX: Corpus Christi International","Corpus Christi, TX",TX,48,Texas,74,
11146,1114606,31146,CRW,"Charleston/Dunbar, WV: Yeager","Charleston/Dunbar, WV",WV,54,West Virginia,39,
11278,1127805,30852,DCA,"Washington, DC: Ronald Reagan Washington National","Washington, DC",VA,51,Virginia,38,
11298,1129806,30194,DFW,"Dallas/Fort Worth, TX: Dallas/Fort Worth International","Dallas/Fort Worth, TX",TX,48,Texas,74,
11413,1141306,30285,DRO,"Durango, CO: Durango La Plata County","Durango, CO",CO,08,Colorado,82,
11423,1142306,31423,DSM,"Des Moines, IA: Des Moines International","Des Moines, IA",IA,19,Iowa,61,
11447,1144705,31447,DVL,"Devils Lake, ND: Devils Lake Regional","Devils Lake, ND",ND,38,North Dakota,66,
11503,1150305,31503,EGE,"Eagle, CO: Eagle County Regional","Eagle, CO",CO,08,Colorado,82,
11525,1152505,31525,EKO,"Elko, NV: Elko Regional","Elko, NV",NV,32,Nevada,85,
11537,1153705,31537,ELM,"Elmira/Corning, NY: Elmira/Corning Regional","Elmira/Corning, NY",NY,36,New York,22,
11540,1154005,30615,ELP,"El Paso, TX: El Paso International","El Paso, TX",TX,48,Texas,74,
11577,1157706,31577,ERI,"Erie, PA: Erie International/Tom Ridge Field","Erie, PA",PA,42,Pennsylvania,23,
11612,1161206,31612,EVV,"Evansville, IN: Evansville Regional","Evansville, IN",IN,18,Indiana,42,
11638,1163807,31638,FAT,"Fresno, CA: Fresno Yosemite International","Fresno, CA",CA,06,California,91,
11697,1169706,32467,FLL,"Fort Lauderdale, FL: Fort Lauderdale-Hollywood International","Fort Lauderdale, FL",FL,12,Florida,33,
11721,1172105,31721,FNT,"Flint, MI: Bishop International","Flint, MI",MI,26,Michigan,43,
11977,1197705,31977,GRB,"Green Bay, WI: Green Bay Austin Straubel International","Green Bay, WI",WI,55,Wisconsin,45,
12003,1200305,31895,GTF,"Great Falls, MT: Great Falls International","Great Falls, MT",MT,30,Montana,84,
12007,1200704,30894,GTR,"Columbus, MS: Golden Triangle Regional","Columbus, MS",MS,28,Mississippi,53,
12012,1201205,32012,GUC,"Gunnison, CO: Gunnison-Crested Butte Regional","Gunnison, CO",CO,08,Colorado,82,
12156,1215605,32156,HLN,"Helena, MT: Helena Regional","Helena, MT",MT,30,Montana,84,
12173,1217305,32134,HNL,"Honolulu, HI: Daniel K Inouye International","Honolulu, HI",HI,15,Hawaii,2,
12177,1217705,32177,HOB,"Hobbs, NM: Lea County Regional","Hobbs, NM",NM,35,New Mexico,86,
12206,1220605,32206,HRL,"Harlingen/San Benito, TX: Valley International","Harlingen/San Benito, TX",TX,48,Texas,74,
12265,1226505,32265,IAG,"Niagara Falls, NY: Niagara Falls International","Niagara Falls, NY",NY,36,New York,22,
12278,1227805,30928,ICT,"Wichita, KS: Wichita Dwight D Eisenhower National","Wichita, KS",KS,20,Kansas,62,
12323,1232305,32323,ILM,"Wilmington, NC: Wilmington International","Wilmington, NC",NC,37,North Carolina,36,
12343,1234305,32343,INL,"International Falls, MN: Falls International Einarson Field","International Falls, MN",MN,27,Minnesota,63,
12448,1244807,32448,JAN,"Jackson/Vicksburg, MS: Jackson Medgar Wiley Evers International","Jackson/Vicksburg, MS",MS,28,Mississippi,53,
12478,1247805,31703,JFK,"New York, NY: John F. Kennedy International","New York, NY",NY,36,New York,22,
12523,1252306,32523,JNU,"Juneau, AK: Juneau International","Juneau, AK",AK,02,Alaska,1,
12758,1275804,32758,KOA,"Kona, HI: Ellison Onizuka Kona International at Keahole","Kona, HI",HI,15,Hawaii,2,
12892,1289208,32575,LAX,"Los Angeles, CA: Los Angeles International","Los Angeles, CA",CA,06,California,91,
12896,1289607,32896,LBB,"Lubbock, TX: Lubbock Preston Smith International","Lubbock, TX",TX,48,Texas,74,
12898,1289806,32898,LBE,"Latrobe, PA: Arnold Palmer Regional","Latrobe, PA",PA,42,Pennsylvania,23,
12951,1295106,32951,LFT,"Lafayette, LA: Lafayette Regional Paul Fournet Field","Lafayette, LA",LA,22,Louisiana,72,
12953,1295304,31703,LGA,"New York, NY: LaGuardia","New York, NY",NY,36,New York,22,
12954,1295406,32575,LGB,"Long Beach, CA: Long Beach Airport","Long Beach, CA",CA,06,California,91,
12992,1299206,32600,LIT,"Little Rock, AR: Bill and Hillary Clinton Nat Adams Field","Little Rock, AR",AR,05,Arkansas,71,
13061,1306106,33038,LRD,"Laredo, TX: Laredo International","Laredo, TX",TX,48,Texas,74,
13076,1307605,33076,LSE,"La Crosse, WI: La Crosse Regional","La Crosse, WI",WI,55,Wisconsin,45,
13158,1315805,33158,MAF,"Midland/Odessa, TX: Midland International Air and Space Port","Midland/Odessa, TX",TX,48,Texas,74,
13342,1334207,33342,MKE,"Milwaukee, WI: General Mitchell International","Milwaukee, WI",WI,55,Wisconsin,45,
13367,1336705,33367,MLI,"Moline, IL: Quad City International","Moline, IL",IL,17,Illinois,41,
13476,1347605,34922,MRY,"Monterey, CA: Monterey Regional","Monterey, CA",CA,06,California,91,
13495,1349505,33495,MSY,"New Orleans, LA: Louis Armstrong New Orleans International","New Orleans, LA",LA,22,Louisiana,72,
13796,1379608,32457,OAK,"Oakland, CA: Metropolitan Oakland International","Oakland, CA",CA,06,California,91,
13873,1387305,33873,OME,"Nome, AK: Nome Airport","Nome, AK",AK,02,Alaska,1,
13930,1393006,30977,ORD,"Chicago, IL: Chicago O'Hare International","Chicago, IL",IL,17,Illinois,41,
13933,1393305,33933,ORH,"Worcester, MA: Worcester Regional","Worcester, MA",MA,25,Massachusetts,13,
13970,1397005,33970,OTZ,"Kotzebue, AK: Ralph Wien Memorial","Kotzebue, AK",AK,02,Alaska,1,
14100,1410005,34100,PHL,"Philadelphia, PA: Philadelphia International","Philadelphia, PA",PA,42,Pennsylvania,23,
14193,1419306,33728,PNS,"Pensacola, FL: Pensacola International","Pensacola, FL",FL,12,Florida,33,
14222,1422206,34222,PPG,"Pago Pago, TT: Pago Pago International","Pago Pago, TT",TT,75,U.S. Pacific Trust Territories and Possessions,5,
14254,1425404,34254,PSE,"Ponce, PR: Mercedita","Ponce, PR",PR,72,Puerto Rico,3,
14256,1425605,34256,PSG,"Petersburg, AK: Petersburg James A Johnson","Petersburg, AK",AK,02,Alaska,1,
14288,1428805,34288,PUB,"Pueblo, CO: Pueblo Memorial","Pueblo, CO",CO,08,Colorado,82,
14307,1430705,30721,PVD,"Providence, RI: Theodore Francis Green State","Providence, RI",RI,44,Rhode Island,15,
14321,1432105,34321,PWM,"Portland, ME: Portland International Jetport","Portland, ME",ME,23,Maine,12,
14574,1457405,34574,ROA,"Roanoke, VA: Roanoke Blacksburg Regional Woodrum Field","Roanoke, VA",VA,51,Virginia,38,
14576,1457606,34576,ROC,"Rochester, NY: Greater Rochester International","Rochester, NY",NY,36,New York,22,
14588,1458804,34588,ROW,"Roswell, NM: Roswell International Air Center","Roswell, NM",NM,35,New Mexico,86,
14683,1468305,33214,SAT,"San Antonio, TX: San Antonio International","San Antonio, TX",TX,48,Texas,74,
14696,1469608,34696,SBN,"South Bend, IN: South Bend International","South Bend, IN",IN,18,Indiana,42,
14709,1470904,30073,SCC,"Deadhorse, AK: Deadhorse Airport","Deadhorse, AK",AK,02,Alaska,1,
14711,1471105,34711,SCE,"State College, PA: University Park","State College, PA",PA,42,Pennsylvania,23,
14771,1477104,32457,SFO,"San Francisco, CA: San Francisco International","San Francisco, CA",CA,06,California,91,
14794,1479405,34794,SGU,"St. George, UT: St George Regional","St. George, UT",UT,49,Utah,87,
14828,1482805,34828,SIT,"Sitka, AK: Sitka Rocky Gutierrez","Sitka, AK",AK,02,Alaska,1,
14831,1483106,32457,SJC,"San Jose, CA: Norman Y. Mineta San Jose International","San Jose, CA",CA,06,California,91,
14843,1484306,34819,SJU,"San Juan, PR: Luis Munoz Marin International","San Juan, PR",PR,72,Puerto Rico,3,
15016,1501606,31123,STL,"St. Louis, MO: St Louis Lambert International","St. Louis, MO",MO,29,Missouri,64,
15023,1502305,34433,STS,"Santa Rosa, CA: Charles M. Schulz - Sonoma County","Santa Rosa, CA",CA,06,California,91,
15074,1507402,35074,SWO,"Stillwater, OK: Stillwater Regional","Stillwater, OK",OK,40,Oklahoma,73,
15249,1524906,35249,TLH,"Tallahassee, FL: Tallahassee International","Tallahassee, FL",FL,12,Florida,33,
15323,1532305,35323,TRI,"Bristol/Johnson City/Kingsport, TN: Tri Cities","Bristol/Johnson City/Kingsport, TN",TN,47,Tennessee,54,
15380,1538005,35380,TVC,"Traverse City, MI: Cherry Capital","Traverse City, MI",MI,26,Michigan,43,
15412,1541205,35412,TYS,"Knoxville, TN: McGhee Tyson","Knoxville, TN",TN,47,Tennessee,54,
15454,1545405,35454,UIN,"Quincy, IL: Quincy Regional-Baldwin Field","Quincy, IL",IL,17,Illinois,41,
15624,1562404,31504,VPS,"Valparaiso, FL: Eglin AFB Destin Fort Walton Beach","Valparaiso, FL",FL,12,Florida,33,
15919,1591904,31834,XNA,"Fayetteville, AR: Northwest Arkansas Regional","Fayetteville, AR",AR,05,Arkansas,71,
10136,1013603,30136,ABI,"Abilene, TX: Abilene Regional","Abilene, TX",TX,48,Texas,74,
10141,1014103,30141,ABR,"Aberdeen, SD: Aberdeen Regional","Aberdeen, SD",SD,46,South Dakota,67,
10590,1059003,30590,IFP,"Bullhead City, AZ: Laughlin/Bullhead International","Bullhead City, AZ",AZ,04,Arizona,81,
12892,1289204,32575,LAX,"Los Angeles, CA: Los Angeles International","Los Angeles, CA",CA,06,California,91,
13158,1315802,33158,MAF,"Midland/Odessa, TX: Midland International Air and Space Port","Midland/Odessa, TX",TX,48,Texas,74,
15401,1540103,35401,TXK,"Texarkana, AR: Texarkana Regional-Webb Field","Texarkana, AR",AR,05,Arkansas,71,
10728,1072804,30728,BPT,"Beaumont/Port Arthur, TX: Jack Brooks Regional","Beaumont/Port Arthur, TX",TX,48,Texas,74,
11905,1190502,31905,GGG,"Longview, TX: East Texas Regional","Longview, TX",TX,48,Texas,74,
15048,1504803,35048,SUX,"Sioux City, IA: Sioux Gateway/Col. Bud Day Field","Sioux City, IA",IA,19,Iowa,61,
10135,1013504,30135,ABE,"Allentown/Bethlehem/Easton, PA: Lehigh Valley International","Allentown/Bethlehem/Easton, PA",PA,42,Pennsylvania,23,
10140,1014004,30140,ABQ,"Albuquerque, NM: Albuquerque International Sunport","Albuquerque, NM",NM,35,New Mexico,86,
10141,1014105,30141,ABR,"Aberdeen, SD: Aberdeen Regional","Aberdeen, SD",SD,46,South Dakota,67,
10157,1015705,30157,ACV,"Arcata/Eureka, CA: California Redwood Coast Humboldt County","Arcata/Eureka, CA",CA,06,California,91,
10165,1016505,30165,ADK,"Adak Island, AK: Adak","Adak Island, AK",AK,02,Alaska,1,
10170,1017003,30070,ADQ,"Kodiak, AK: Kodiak Airport","Kodiak, AK",AK,02,Alaska,1,
10299,1029905,30299,ANC,"Anchorage, AK: Ted Stevens Anchorage International","Anchorage, AK",AK,02,Alaska,1,
10372,1037204,30372,ASE,"Aspen, CO: Aspen Pitkin County Sardy Field","Aspen, CO",CO,08,Colorado,82,
10397,1039706,30397,ATL,"Atlanta, GA: Hartsfield-Jackson Atlanta International","Atlanta, GA",GA,13,Georgia,34,
10408,1040804,30408,ATW,"Appleton, WI: Appleton International","Appleton, WI",WI,55,Wisconsin,45,
10431,1043104,30431,AVL,"Asheville, NC: Asheville Regional","Asheville, NC",NC,37,North Carolina,36,
10434,1043404,30434,AVP,"Scranton/Wilkes-Barre, PA: Wilkes Barre Scranton International","Scranton/Wilkes-Barre, PA",PA,42,Pennsylvania,23,
10529,1052905,30529,BDL,"Hartford, CT: Bradley International","Hartford, CT",CT,09,Connecticut,11,
10577,1057704,30577,BGM,"Binghamton, NY: Greater Binghamton/Edwin A. Link Field","Binghamton, NY",NY,36,New York,22,
10590,1059005,30590,IFP,"Bullhead City, AZ: Laughlin/Bullhead International","Bullhead City, AZ",AZ,04,Arizona,81,
10739,1073906,30739,BRD,"Brainerd, MN: Brainerd Lakes Regional","Brainerd, MN",MN,27,Minnesota,63,
10747,1074704,30747,BRO,"Brownsville, TX: Brownsville South Padre Island International","Brownsville, TX",TX,48,Texas,74,
10754,1075404,30107,BRW,"Barrow, AK: Wiley Post/Will Rogers Memorial","Barrow, AK",AK,02,Alaska,1,
10781,1078104,30781,BTR,"Baton Rouge, LA: Baton Rouge Metropolitan/Ryan Field","Baton Rouge, LA",LA,22,Louisiana,72,
10792,1079205,30792,BUF,"Buffalo, NY: Buffalo Niagara International","Buffalo, NY",NY,36,New York,22,
10821,1082105,30852,BWI,"Baltimore, MD: Baltimore/Washington International Thurgood Marshall","Baltimore, MD",MD,24,Maryland,35,
10849,1084904,30849,BZN,"Bozeman, MT: Bozeman Yellowstone International","Bozeman, MT",MT,30,Montana,84,
10990,1099004,30990,CHO,"Charlottesville, VA: Charlottesville Albemarle","Charlottesville, VA",VA,51,Virginia,38,
11027,1102704,31027,CKB,"Clarksburg/Fairmont, WV: North Central West Virginia","Clarksburg/Fairmont, WV",WV,54,West Virginia,39,
11042,1104204,30647,CLE,"Cleveland, OH: Cleveland-Hopkins International","Cleveland, OH",OH,39,Ohio,44,
11066,1106605,31066,CMH,"Columbus, OH: John Glenn Columbus International","Columbus, OH",OH,39,Ohio,44,
11111,1111104,32474,COU,"Columbia, MO: Columbia Regional","Columbia, MO",MO,29,Missouri,64,
11122,1112204,31122,CPR,"Casper, WY: Casper/Natrona County International","Casper, WY",WY,56,Wyoming,88,
11140,1114007,31140,CRP,"Corpus Christi, TX: Corpus Christi International","Corpus Christi, TX",TX,48,Texas,74,
11146,1114605,31146,CRW,"Charleston/Dunbar, WV: Yeager","Charleston/Dunbar, WV",WV,54,West Virginia,39,
11278,1127804,30852,DCA,"Washington, DC: Ronald Reagan Washington National","Washington, DC",VA,51,Virginia,38,
11298,1129805,30194,DFW,"Dallas/Fort Worth, TX: Dallas/Fort Worth International","Dallas/Fort Worth, TX",TX,48,Texas,74,
11413,1141305,30285,DRO,"Durango, CO: Durango La Plata County","Durango, CO",CO,08,Colorado,82,
11423,1142305,31423,DSM,"Des Moines, IA: Des Moines International","Des Moines, IA",IA,19,Iowa,61,
11447,1144704,31447,DVL,"Devils Lake, ND: Devils Lake Regional","Devils Lake, ND",ND,38,North Dakota,66,
11503,1150304,31503,EGE,"Eagle, CO: Eagle County Regional","Eagle, CO",CO,08,Colorado,82,
11525,1152504,31525,EKO,"Elko, NV: Elko Regional","Elko, NV",NV,32,Nevada,85,
11540,1154004,30615,ELP,"El Paso, TX: El Paso International","El Paso, TX",TX,48,Texas,74,
11577,1157705,31577,ERI,"Erie, PA: Erie International/Tom Ridge Field","Erie, PA",PA,42,Pennsylvania,23,
11612,1161205,31612,EVV,"Evansville, IN: Evansville Regional","Evansville, IN",IN,18,Indiana,42,
11638,1163806,31638,FAT,"Fresno, CA: Fresno Yosemite International","Fresno, CA",CA,06,California,91,
11697,1169705,32467,FLL,"Fort Lauderdale, FL: Fort Lauderdale-Hollywood International","Fort Lauderdale, FL",FL,12,Florida,33,
11719,1171902,31719,FNL,"Fort Collins/Loveland, CO: Northern Colorado Regional","Fort Collins/Loveland, CO",CO,08,Colorado,82,
11721,1172104,31721,FNT,"Flint, MI: Bishop International","Flint, MI",MI,26,Michigan,43,
11977,1197704,31977,GRB,"Green Bay, WI: Green Bay Austin Straubel International","Green Bay, WI",WI,55,Wisconsin,45,
12003,1200304,31895,GTF,"Great Falls, MT: Great Falls International","Great Falls, MT",MT,30,Montana,84,
12007,1200703,30894,GTR,"Columbus, MS: Golden Triangle Regional","Columbus, MS",MS,28,Mississippi,53,
12156,1215604,32156,HLN,"Helena, MT: Helena Regional","Helena, MT",MT,30,Montana,84,
12173,1217304,32134,HNL,"Honolulu, HI: Daniel K Inouye International","Honolulu, HI",HI,15,Hawaii,2,
12177,1217704,32177,HOB,"Hobbs, NM: Lea County Regional","Hobbs, NM",NM,35,New Mexico,86,
12206,1220604,32206,HRL,"Harlingen/San Benito, TX: Valley International","Harlingen/San Benito, TX",TX,48,Texas,74,
12265,1226504,32265,IAG,"Niagara Falls, NY: Niagara Falls International","Niagara Falls, NY",NY,36,New York,22,
12278,1227804,30928,ICT,"Wichita, KS: Wichita Dwight D Eisenhower National","Wichita, KS",KS,20,Kansas,62,
12323,1232304,32323,ILM,"Wilmington, NC: Wilmington International","Wilmington, NC",NC,37,North Carolina,36,
12343,1234304,32343,INL,"International Falls, MN: Falls International Einarson Field","International Falls, MN",MN,27,Minnesota,63,
12448,1244806,32448,JAN,"Jackson/Vicksburg, MS: Jackson Medgar Wiley Evers International","Jackson/Vicksburg, MS",MS,28,Mississippi,53,
12478,1247804,31703,JFK,"New York, NY: John F. Kennedy International","New York, NY",NY,36,New York,22,
12523,1252305,32523,JNU,"Juneau, AK: Juneau International","Juneau, AK",AK,02,Alaska,1,
12892,1289207,32575,LAX,"Los Angeles, CA: Los Angeles International","Los Angeles, CA",CA,06,California,91,
12896,1289606,32896,LBB,"Lubbock, TX: Lubbock Preston Smith International","Lubbock, TX",TX,48,Texas,74,
12898,1289805,32898,LBE,"Latrobe, PA: Arnold Palmer Regional","Latrobe, PA",PA,42,Pennsylvania,23,
12951,1295105,32951,LFT,"Lafayette, LA: Lafayette Regional Paul Fournet Field","Lafayette, LA",LA,22,Louisiana,72,
12953,1295303,31703,LGA,"New York, NY: LaGuardia","New York, NY",NY,36,New York,22,
12954,1295405,32575,LGB,"Long Beach, CA: Long Beach Airport","Long Beach, CA",CA,06,California,91,
12992,1299205,32600,LIT,"Little Rock, AR: Bill and Hillary Clinton Nat Adams Field","Little Rock, AR",AR,05,Arkansas,71,
13061,1306105,33038,LRD,"Laredo, TX: Laredo International","Laredo, TX",TX,48,Texas,74,
13076,1307604,33076,LSE,"La Crosse, WI: La Crosse Regional","La Crosse, WI",WI,55,Wisconsin,45,
13158,1315804,33158,MAF,"Midland/Odessa, TX: Midland International Air and Space Port","Midland/Odessa, TX",TX,48,Texas,74,
13342,1334206,33342,MKE,"Milwaukee, WI: General Mitchell International","Milwaukee, WI",WI,55,Wisconsin,45,
13367,1336704,33367,MLI,"Moline, IL: Quad City International","Moline, IL",IL,17,Illinois,41,
13476,1347604,34922,MRY,"Monterey, CA: Monterey Regional","Monterey, CA",CA,06,California,91,
13495,1349504,33495,MSY,"New Orleans, LA: Louis Armstrong New Orleans International","New Orleans, LA",LA,22,Louisiana,72,
13796,1379607,32457,OAK,"Oakland, CA: Metropolitan Oakland International","Oakland, CA",CA,06,California,91,
13873,1387304,33873,OME,"Nome, AK: Nome Airport","Nome, AK",AK,02,Alaska,1,
13930,1393005,30977,ORD,"Chicago, IL: Chicago O'Hare International","Chicago, IL",IL,17,Illinois,41,
13933,1393304,33933,ORH,"Worcester, MA: Worcester Regional","Worcester, MA",MA,25,Massachusetts,13,
13970,1397004,33970,OTZ,"Kotzebue, AK: Ralph Wien Memorial","Kotzebue, AK",AK,02,Alaska,1,
14100,1410004,34100,PHL,"Philadelphia, PA: Philadelphia International","Philadelphia, PA",PA,42,Pennsylvania,23,
14193,1419305,33728,PNS,"Pensacola, FL: Pensacola International","Pensacola, FL",FL,12,Florida,33,
14222,1422205,34222,PPG,"Pago Pago, TT: Pago Pago International","Pago Pago, TT",TT,75,U.S. Pacific Trust Territories and Possessions,5,
14256,1425604,34256,PSG,"Petersburg, AK: Petersburg James A Johnson","Petersburg, AK",AK,02,Alaska,1,
14307,1430704,30721,PVD,"Providence, RI: Theodore Francis Green State","Providence, RI",RI,44,Rhode Island,15,
14321,1432104,34321,PWM,"Portland, ME: Portland International Jetport","Portland, ME",ME,23,Maine,12,
14574,1457404,34574,ROA,"Roanoke, VA: Roanoke Blacksburg Regional Woodrum Field","Roanoke, VA",VA,51,Virginia,38,
14576,1457605,34576,ROC,"Rochester, NY: Greater Rochester International","Rochester, NY",NY,36,New York,22,
14588,1458803,34588,ROW,"Roswell, NM: Roswell International Air Center","Roswell, NM",NM,35,New Mexico,86,
14683,1468304,33214,SAT,"San Antonio, TX: San Antonio International","San Antonio, TX",TX,48,Texas,74,
14696,1469607,34696,SBN,"South Bend, IN: South Bend International","South Bend, IN",IN,18,Indiana,42,
14711,1471104,34711,SCE,"State College, PA: University Park","State College, PA",PA,42,Pennsylvania,23,
14771,1477103,32457,SFO,"San Francisco, CA: San Francisco International","San Francisco, CA",CA,06,California,91,
14794,1479404,34794,SGU,"St. George, UT: St George Regional","St. George, UT",UT,49,Utah,87,
14828,1482804,34828,SIT,"Sitka, AK: Sitka Rocky Gutierrez","Sitka, AK",AK,02,Alaska,1,
14831,1483105,32457,SJC,"San Jose, CA: Norman Y. Mineta San Jose International","San Jose, CA",CA,06,California,91,
14843,1484305,34819,SJU,"San Juan, PR: Luis Munoz Marin International","San Juan, PR",PR,72,Puerto Rico,3,
15016,1501605,31123,STL,"St. Louis, MO: St Louis Lambert International","St. Louis, MO",MO,29,Missouri,64,
15023,1502304,34433,STS,"Santa Rosa, CA: Charles M. Schulz - Sonoma County","Santa Rosa, CA",CA,06,California,91,
15249,1524905,35249,TLH,"Tallahassee, FL: Tallahassee International","Tallahassee, FL",FL,12,Florida,33,
15323,1532304,35323,TRI,"Bristol/Johnson City/Kingsport, TN: Tri Cities","Bristol/Johnson City/Kingsport, TN",TN,47,Tennessee,54,
15380,1538004,35380,TVC,"Traverse City, MI: Cherry Capital","Traverse City, MI",MI,26,Michigan,43,
15412,1541204,35412,TYS,"Knoxville, TN: McGhee Tyson","Knoxville, TN",TN,47,Tennessee,54,
15624,1562403,31504,VPS,"Valparaiso, FL: Eglin AFB Destin Fort Walton Beach","Valparaiso, FL",FL,12,Florida,33,
15919,1591903,31834,XNA,"Fayetteville, AR: Northwest Arkansas Regional","Fayetteville, AR",AR,05,Arkansas,71,
10157,1015704,30157,ACV,"Arcata/Eureka, CA: California Redwood Coast Humboldt County","Arcata/Eureka, CA",CA,06,California,91,
10170,1017002,30070,ADQ,"Kodiak, AK: Kodiak Airport","Kodiak, AK",AK,02,Alaska,1,
11111,1111103,32474,COU,"Columbia, MO: Columbia Regional","Columbia, MO",MO,29,Missouri,64,
13796,1379606,32457,OAK,"Oakland, CA: Metropolitan Oakland International","Oakland, CA",CA,06,California,91,
